industry,category,question,current_answer,proposed_answer,Jon's proposed answer,Jon's explanation
plumbing,Emergency,Do you offer emergency plumbing?,"Yes. We prioritize active leaks, flooding, and sewage issues.","Yes, we do. What's going on?","Yes, we do.  What's going on?","The caller doesn't want to know details.  They have a specific need and reason for calling and just want to know if the business can handle it.  They don't care about everything the business does, just their need.  "
plumbing,Emergency,What should I do for a burst pipe?,"Shut off the main water valve if it’s safe, then call us right away.","If you can do it safely, shut off the main water valve. Then tell me what's going on, and I can help from there.",,
plumbing,Emergency,What should I do if I smell gas?,"Please leave the home immediately and call 911 first. Once you’re safe, call us back.",Please leave right away and call 911 first.,,
plumbing,Services,Do you handle drain clogs and backups?,"Yes. We clear clogs, inspect lines, and recommend next steps.","Yes, we do. We clear clogs, inspect lines, and recommend next steps. Tell me a little about what you need, and I can help from there.",,
plumbing,Services,Do you fix leaking faucets or toilets?,Yes. We repair fixtures and replace worn parts.,"Yes, we do. We repair fixtures and replace worn parts. Tell me a little about what you need, and I can help from there.",,
plumbing,Services,Do you repair or replace water heaters?,Yes. We service standard and tankless water heaters.,"Yes, we do. We service standard and tankless water heaters. Tell me a little about what you need, and I can help from there.",,
plumbing,Services,Do you work on sewer lines?,Yes. We can inspect and repair sewer and drain lines.,"Yes, we do. We can inspect and repair sewer and drain lines. Tell me a little about what you need, and I can help from there.",,
plumbing,Services,Do you install new fixtures?,"Yes. We install faucets, toilets, disposals, and more.","Yes, we do. We install faucets, toilets, disposals, and more. Tell me a little about what you need, and I can help from there.",,
plumbing,Services,Can you locate a leak?,Yes. We can diagnose leaks and explain next steps.,"Yes, we can diagnose leaks and explain next steps. Tell me a little about what you need, and I can help from there.",,
plumbing,Coverage,What areas do you service?,We serve the local area. Share your address and we’ll confirm coverage.,"We serve the local area. If you give me the address, I can confirm whether you are in range.",,
plumbing,Scheduling,How quickly can someone come out?,We prioritize urgent issues and schedule the soonest available time.,"We prioritize urgent issues and schedule the soonest available time. Tell me what’s going on, and I can help with the next step.",,
plumbing,Scheduling,Do I need to be home for the visit?,"For most repairs, yes. We can discuss access if needed.","In most cases, yes. If that is difficult, I can talk through the best option for access.",,
plumbing,Preparation,How do I prepare for a visit?,Clear access to the problem area and ensure water shutoff is reachable.,Clear access to the problem area and ensure water shutoff is reachable.,,
plumbing,Pricing,Will you provide an estimate?,Yes. The technician will review the issue and provide pricing before work begins.,"Yes, we will. The team will review the issue and provide pricing before work begins. Tell me a little more, and I can help with the next step.",,
plumbing,Pricing,Do you charge a service fee?,We’ll let you know any service or diagnostic fee when scheduling.,I’ll let you know any service or diagnostic fee when scheduling.,,
plumbing,Process,Do you handle insurance claims?,We can provide documentation to help with claims.,"Yes, we can provide documentation to help with claims.",,
plumbing,Warranty,Do you guarantee your work?,We stand by our repairs and will review any concerns.,"We stand by our repairs and will review any concerns. Tell me a little more, and I can help with the next step.",,
plumbing,Payments,What payment methods do you accept?,We accept common payment methods. We can confirm when booking.,"We accept common payment methods, and I can confirm the options when we book your service.",,
plumbing,Process,Will you clean up after the repair?,Yes. We aim to leave the area clean and safe.,"Yes, we will. We aim to leave the area clean and safe. Tell me a little more, and I can help with the next step.",,
plumbing,Support,What if the issue comes back?,Call us and we’ll take a look. We want the problem resolved.,Call us and we will take a look. We want the problem resolved.,,
plumbing,Pricing,Do you offer free estimates?,We can schedule an on-site assessment and provide pricing after the technician reviews the issue.,"Yes. I can get a few details and help set up the next step for an estimate. Tell me a little more, and I can help with the next step.",,
plumbing,Pricing,What are your service or diagnostic fees?,We’ll confirm any service or diagnostic fee before dispatching a technician.,"I can go over any service or diagnostic fee before anything is scheduled, so you know what to expect.",,
plumbing,Payments,What payment methods do you accept?,We accept common payment methods. We can confirm specifics when booking.,"We accept common payment methods, and I can confirm the options when we book your service.",,
plumbing,Warranty,Do you offer any warranties or guarantees?,Yes. We stand by our workmanship and can share warranty details with you.,"Yes. We stand behind our work, and I can go over the warranty details with you.",,
plumbing,Insurance,Do you work with insurance?,We can provide documentation to support insurance claims when applicable.,"Yes. If insurance is involved, I can help with documentation and talk through the next step.",,
plumbing,Coverage,What areas do you service?,We serve the local area. Share your address and we’ll confirm coverage.,"We serve the local area. If you give me the address, I can confirm whether you are in range.",,
plumbing,Scheduling,How soon can someone come out?,We’ll schedule the earliest available time and prioritize urgent issues.,"I’ll look for the earliest opening and do our best to move urgent situations up. Tell me a little about what’s going on, and I can help with the next step.",,
plumbing,Scheduling,Do I need to be home for the visit?,"Usually yes. If not, we can discuss access details and preferences.","In most cases, yes. If that is difficult, I can talk through the best option for access.",,
plumbing,Process,What happens next after I book?,We’ll confirm your details and a technician will contact you before arrival.,"Once we have your details, I’ll get your request into the schedule and let you know the next step.",,
plumbing,Process,How long will the service take?,It depends on the issue. The technician can estimate timing on site.,"That depends on the job. Once I know a little more, I can give you a better sense of timing and help with the next step.",,
plumbing,Preparation,Is there anything I should do to prepare?,Clear access to the problem area if possible. We’ll provide any specific prep tips.,"Usually just make sure we can reach the work area. If there is anything specific to do ahead of time, I’ll let you know.",,
plumbing,Scheduling,Can I reschedule or cancel?,Yes. We can update your appointment if you need to change it.,"Yes. If you need to make a change, we can help update the appointment.",,
plumbing,Technical,Can you help troubleshoot or explain how to fix it?,Great question — the technician will walk you through options when they call or arrive.,"I can help point you in the right direction. Once I know a little more, the team can go over the best next step with you. Tell me a little more, and I can help with the next step.",,
plumbing,Process,Can I talk to the technician directly?,We can have the technician follow up with you to discuss details.,"Yes. Once we have your details, we can arrange for the team to follow up with you.",,
plumbing,Emergency,Do you handle emergencies?,We prioritize urgent issues and will do our best to get someone out quickly.,"Yes. If this is urgent, tell me what’s going on, and I can help move it along as quickly as possible.",,
window_installers,Services,Do you offer window replacement?,Yes. We replace and install new windows.,"Yes, we do. We replace and install new windows. Tell me a little about what you need, and I can help from there.",,
window_installers,Services,Do you replace glass only?,It depends on frame condition and window type; we confirm after an inspection.,"It depends on frame condition and window type; we confirm after an inspection. Tell me a little about what you need, and I can help from there.",,
window_installers,Scheduling,How long does window replacement take?,"Once windows arrive, most homes are done in 1–2 days. Timing depends on the number of windows.","Once windows arrive, most homes are done in 1 to 2 days. Timing depends on the number of windows. Once I know a little more, I can help with the next step.",,
window_installers,Scheduling,What is the typical lead time?,Standard windows often take a few weeks; custom windows can take longer. We confirm after measuring.,Standard windows often take a few weeks; custom windows can take longer. We confirm after measuring.,,
window_installers,Pricing,Do you do free estimates?,Yes. We can schedule an in-home measurement and estimate.,"Yes, we do. We can schedule an in-home measurement and estimate. Tell me a little more, and I can help with the next step.",,
window_installers,Process,Do you measure for windows?,Yes. We take precise measurements before ordering.,"Yes, we do. We take precise measurements before ordering. Tell me a little more, and I can help with the next step.",,
window_installers,Process,Can you match existing styles?,We’ll review style options and help you match your home.,"We will review style options and help you match your home. Tell me a little more, and I can help with the next step.",,
window_installers,Services,Do you install patio doors?,Yes. We install sliding and hinged patio doors.,"Yes, we do. We install sliding and hinged patio doors. Tell me a little about what you need, and I can help from there.",,
window_installers,Process,Do you handle permits?,"If permits are required, we can help coordinate them.","If permits are required, we can help coordinate them. Tell me a little more, and I can help with the next step.",,
window_installers,Products,Are the windows energy efficient?,We offer energy-efficient options and will explain ratings.,We offer energy-efficient options and will explain ratings.,,
window_installers,Warranty,Is there a warranty?,Yes. We’ll provide manufacturer and workmanship warranty details.,Yes. We will provide manufacturer and workmanship warranty details.,,
window_installers,Services,Do you do repairs or only replacements?,"We primarily replace, but we can review repair options if possible.","We primarily replace, but we can review repair options if possible. Tell me a little about what you need, and I can help from there.",,
window_installers,Process,Do you handle disposal of old windows?,Yes. We remove and dispose of old units.,"Yes, we do. We remove and dispose of old units. Tell me a little more, and I can help with the next step.",,
window_installers,Scheduling,Can I be home for the install?,"Yes, and we recommend someone be available for access.","Yes, and we recommend someone be available for access.",,
window_installers,Payments,What payment methods do you accept?,We accept common payment methods. We’ll confirm when booking.,"We accept common payment methods, and I can confirm the options when we book your service.",,
window_installers,Safety,Can you work on multi-story homes?,Yes. We service multi-story homes and use proper safety practices.,"Yes, we can. We service multi-story homes and use proper safety practices. Tell me a little more, and I can help with the next step.",,
window_installers,Pricing,Do you offer financing?,We can share financing options if available.,"Yes, we can share financing options if available. Tell me a little more, and I can help with the next step.",,
window_installers,Scheduling,What if it rains on install day?,We monitor weather and will coordinate any rescheduling.,We monitor weather and will coordinate any rescheduling.,,
window_installers,Services,Can you replace a single window?,Yes. We handle single window and full-home projects.,"Yes, we can. We handle single window and full-home projects. Tell me a little about what you need, and I can help from there.",,
window_installers,Services,Do you fix drafts or foggy glass?,Yes. We can recommend repair or replacement after inspection.,"Yes, we do. We can recommend repair or replacement after inspection. Tell me a little about what you need, and I can help from there.",,
window_installers,Pricing,Do you offer free estimates?,We can schedule an on-site assessment and provide pricing after the technician reviews the issue.,"Yes. I can get a few details and help set up the next step for an estimate. Tell me a little more, and I can help with the next step.",,
window_installers,Pricing,What are your service or diagnostic fees?,We’ll confirm any service or diagnostic fee before dispatching a technician.,"I can go over any service or diagnostic fee before anything is scheduled, so you know what to expect.",,
window_installers,Payments,What payment methods do you accept?,We accept common payment methods. We can confirm specifics when booking.,"We accept common payment methods, and I can confirm the options when we book your service.",,
window_installers,Warranty,Do you offer any warranties or guarantees?,Yes. We stand by our workmanship and can share warranty details with you.,"Yes. We stand behind our work, and I can go over the warranty details with you.",,
window_installers,Insurance,Do you work with insurance?,We can provide documentation to support insurance claims when applicable.,"Yes. If insurance is involved, I can help with documentation and talk through the next step.",,
window_installers,Coverage,What areas do you service?,We serve the local area. Share your address and we’ll confirm coverage.,"We serve the local area. If you give me the address, I can confirm whether you are in range.",,
window_installers,Scheduling,How soon can someone come out?,We’ll schedule the earliest available time and prioritize urgent issues.,"I’ll look for the earliest opening and do our best to move urgent situations up. Tell me a little about what’s going on, and I can help with the next step.",,
window_installers,Scheduling,Do I need to be home for the visit?,"Usually yes. If not, we can discuss access details and preferences.","In most cases, yes. If that is difficult, I can talk through the best option for access.",,
window_installers,Process,What happens next after I book?,We’ll confirm your details and a technician will contact you before arrival.,"Once we have your details, I’ll get your request into the schedule and let you know the next step.",,
window_installers,Process,How long will the service take?,It depends on the issue. The technician can estimate timing on site.,"That depends on the job. Once I know a little more, I can give you a better sense of timing and help with the next step.",,
window_installers,Preparation,Is there anything I should do to prepare?,Clear access to the problem area if possible. We’ll provide any specific prep tips.,"Usually just make sure we can reach the work area. If there is anything specific to do ahead of time, I’ll let you know.",,
window_installers,Scheduling,Can I reschedule or cancel?,Yes. We can update your appointment if you need to change it.,"Yes. If you need to make a change, we can help update the appointment.",,
window_installers,Technical,Can you help troubleshoot or explain how to fix it?,Great question — the technician will walk you through options when they call or arrive.,"I can help point you in the right direction. Once I know a little more, the team can go over the best next step with you. Tell me a little more, and I can help with the next step.",,
window_installers,Process,Can I talk to the technician directly?,We can have the technician follow up with you to discuss details.,"Yes. Once we have your details, we can arrange for the team to follow up with you.",,
window_installers,Emergency,Do you handle emergencies?,We prioritize urgent issues and will do our best to get someone out quickly.,"Yes. If this is urgent, tell me what’s going on, and I can help move it along as quickly as possible.",,
electrical,Emergency,Do you offer emergency electrical service?,Yes. We prioritize urgent safety issues.,"Yes, we do. We prioritize urgent safety issues. Tell me what's going on, and I'll help with the next step. Tell me what’s going on, and I can help with the next step.",,
electrical,Emergency,What should I do if I smell burning or see sparks?,"If safe, shut off power at the breaker and call for emergency service. If there are flames or heavy smoke, call 911 first.","If it's safe, shut off power at the breaker. If there's smoke or fire, call 911 first.",,
electrical,Services,Do you upgrade electrical panels?,Yes. We inspect your panel and recommend upgrade options.,"Yes, we do. We inspect your panel and recommend upgrade options. Tell me a little about what you need, and I can help from there.",,
electrical,Services,Do you fix outlets and lighting issues?,"Yes. We repair outlets, switches, and lighting circuits.","Yes, we do. We repair outlets, switches, and lighting circuits. Tell me a little about what you need, and I can help from there.",,
electrical,Services,Do you install EV chargers?,Yes. We can install and verify proper capacity.,"Yes, we do. We can install and verify proper capacity. Tell me a little about what you need, and I can help from there.",,
electrical,Services,Do you do whole-home rewires?,Yes. We can assess wiring and provide a plan.,"Yes, we do. We can take a look at wiring and provide a plan. Tell me a little about what you need, and I can help from there.",,
electrical,Services,Can you troubleshoot frequent breaker trips?,Yes. We’ll diagnose the circuit and recommend fixes.,"Yes, we can. We will diagnose the circuit and recommend fixes. Tell me a little about what you need, and I can help from there.",,
electrical,Services,Do you install ceiling fans?,Yes. We install and balance ceiling fans.,"Yes, we do. We install and balance ceiling fans. Tell me a little about what you need, and I can help from there.",,
electrical,Services,Do you offer surge protection?,Yes. We can add whole-home or point-of-use protection.,"Yes, we do. We can add whole-home or point-of-use protection. Tell me a little about what you need, and I can help from there.",,
electrical,Process,Do you handle permits?,"If required, we can coordinate permits and inspections.","If required, we can coordinate permits and inspections. Tell me a little more, and I can help with the next step.",,
electrical,Pricing,Will you provide an estimate?,Yes. We review the scope and provide pricing before work begins.,"Yes, we will. We review the scope and provide pricing before work begins. Tell me a little more, and I can help with the next step.",,
electrical,Pricing,Do you charge a service fee?,We’ll disclose any service or diagnostic fee at scheduling.,We will disclose any service or diagnostic fee at scheduling.,,
electrical,Services,Do you work on older homes?,Yes. We can assess older wiring and upgrade safely.,"Yes, we do. We can take a look at older wiring and upgrade safely. Tell me a little about what you need, and I can help from there.",,
electrical,Scheduling,Can I be home during the work?,Yes. We recommend someone be available for access.,Yes. We recommend someone be available for access.,,
electrical,Scheduling,How soon can you come out?,We prioritize urgent safety issues and schedule the earliest slot.,"We prioritize urgent safety issues and schedule the earliest slot. Tell me what’s going on, and I can help with the next step.",,
electrical,Warranty,Do you provide warranties?,Yes. We stand by our workmanship and materials.,"Yes, we do. We stand by our workmanship and materials.",,
electrical,Payments,What payment methods do you accept?,We accept common payment methods. We can confirm when booking.,"We accept common payment methods, and I can confirm the options when we book your service.",,
electrical,Process,Do you do inspections for real estate?,Yes. We can provide inspection reports as needed.,"Yes, we do. We can provide inspection reports as needed. Tell me a little more, and I can help with the next step.",,
electrical,Services,Can you install smart home devices?,Yes. We can install smart switches and related devices.,"Yes, we can install smart switches and related devices. Tell me a little about what you need, and I can help from there.",,
electrical,Safety,Is flickering lighting a concern?,It can be. We can inspect and diagnose the cause.,It can be. We can inspect and diagnose the cause.,,
electrical,Pricing,Do you offer free estimates?,We can schedule an on-site assessment and provide pricing after the technician reviews the issue.,"Yes. I can get a few details and help set up the next step for an estimate. Tell me a little more, and I can help with the next step.",,
electrical,Pricing,What are your service or diagnostic fees?,We’ll confirm any service or diagnostic fee before dispatching a technician.,"I can go over any service or diagnostic fee before anything is scheduled, so you know what to expect.",,
electrical,Payments,What payment methods do you accept?,We accept common payment methods. We can confirm specifics when booking.,"We accept common payment methods, and I can confirm the options when we book your service.",,
electrical,Warranty,Do you offer any warranties or guarantees?,Yes. We stand by our workmanship and can share warranty details with you.,"Yes. We stand behind our work, and I can go over the warranty details with you.",,
electrical,Insurance,Do you work with insurance?,We can provide documentation to support insurance claims when applicable.,"Yes. If insurance is involved, I can help with documentation and talk through the next step.",,
electrical,Coverage,What areas do you service?,We serve the local area. Share your address and we’ll confirm coverage.,"We serve the local area. If you give me the address, I can confirm whether you are in range.",,
electrical,Scheduling,How soon can someone come out?,We’ll schedule the earliest available time and prioritize urgent issues.,"I’ll look for the earliest opening and do our best to move urgent situations up. Tell me a little about what’s going on, and I can help with the next step.",,
electrical,Scheduling,Do I need to be home for the visit?,"Usually yes. If not, we can discuss access details and preferences.","In most cases, yes. If that is difficult, I can talk through the best option for access.",,
electrical,Process,What happens next after I book?,We’ll confirm your details and a technician will contact you before arrival.,"Once we have your details, I’ll get your request into the schedule and let you know the next step.",,
electrical,Process,How long will the service take?,It depends on the issue. The technician can estimate timing on site.,"That depends on the job. Once I know a little more, I can give you a better sense of timing and help with the next step.",,
electrical,Preparation,Is there anything I should do to prepare?,Clear access to the problem area if possible. We’ll provide any specific prep tips.,"Usually just make sure we can reach the work area. If there is anything specific to do ahead of time, I’ll let you know.",,
electrical,Scheduling,Can I reschedule or cancel?,Yes. We can update your appointment if you need to change it.,"Yes. If you need to make a change, we can help update the appointment.",,
electrical,Technical,Can you help troubleshoot or explain how to fix it?,Great question — the technician will walk you through options when they call or arrive.,"I can help point you in the right direction. Once I know a little more, the team can go over the best next step with you. Tell me a little more, and I can help with the next step.",,
electrical,Process,Can I talk to the technician directly?,We can have the technician follow up with you to discuss details.,"Yes. Once we have your details, we can arrange for the team to follow up with you.",,
electrical,Emergency,Do you handle emergencies?,We prioritize urgent issues and will do our best to get someone out quickly.,"Yes. If this is urgent, tell me what’s going on, and I can help move it along as quickly as possible.",,
hvac,Emergency,Do you offer emergency HVAC service?,Yes. We prioritize no heat or no cooling issues.,"Yes, we do. We prioritize no heat or no cooling issues. Tell me what's going on, and I'll help with the next step. Tell me what’s going on, and I can help with the next step.",,
hvac,Emergency,What should I do if I have no heat or no cooling?,"Check the thermostat and filter first; if it’s still out, we can schedule priority service.","Check the thermostat and filter first. If it's still not working, I can help from there.",,
hvac,Maintenance,How often should I change my air filter?,Most homes check monthly and replace about every 3 months; more often with pets or heavy use.,Most homes check monthly and replace about every 3 months; more often with pets or heavy use.,,
hvac,Maintenance,Do you offer maintenance plans?,Yes. We provide seasonal tune-ups and priority scheduling.,"Yes, we do. We provide seasonal tune-ups and priority scheduling. If you want, tell me a little more about what's going on and I can help from there.",,
hvac,Services,Do you repair furnaces and AC units?,Yes. We repair and service most major brands.,"Yes, we do. We repair and service most major brands. Tell me a little about what you need, and I can help from there.",,
hvac,Services,Do you install new systems?,Yes. We can size and install replacement systems.,"Yes, we do. We can size and install replacement systems. Tell me a little about what you need, and I can help from there.",,
hvac,Services,Do you work on heat pumps?,Yes. We service and install heat pumps.,"Yes, we do. We service and install heat pumps. Tell me a little about what you need, and I can help from there.",,
hvac,Services,Do you handle ductwork issues?,Yes. We can inspect and improve airflow.,"Yes, we do. We can inspect and improve airflow. Tell me a little about what you need, and I can help from there.",,
hvac,Services,Why is my system short cycling?,Short cycling can have several causes; we can diagnose and fix it.,Short cycling can have several causes; we can diagnose and fix it.,,
hvac,Pricing,Do you provide estimates?,Yes. We provide pricing after reviewing the issue or scope.,"Yes, we do. We provide pricing after reviewing the issue or scope. Tell me a little more, and I can help with the next step.",,
hvac,Pricing,Do you charge a diagnostic fee?,We’ll confirm any diagnostic fee when scheduling.,We will confirm any diagnostic fee when scheduling.,,
hvac,Scheduling,How soon can you come out?,We prioritize urgent issues and schedule the earliest available time.,"We prioritize urgent issues and schedule the earliest available time. Tell me what’s going on, and I can help with the next step.",,
hvac,Scheduling,Do I need to be home?,"Yes, we recommend someone be available for access.","Yes, we recommend someone be available for access.",,
hvac,Services,Do you offer indoor air quality services?,Yes. We can discuss filtration and air quality options.,"Yes, we do. I can talk through filtration and air quality options. Tell me a little about what you need, and I can help from there.",,
hvac,Safety,Is a noisy system normal?,Unusual noises aren’t normal. We can inspect and advise.,Unusual noises aren’t normal. We can inspect and advise.,,
hvac,Process,Will you clean up after service?,Yes. We leave the area clean and safe.,"Yes, we will. We leave the area clean and safe. Tell me a little more, and I can help with the next step.",,
hvac,Payments,What payment methods do you accept?,We accept common payment methods. We can confirm when booking.,"We accept common payment methods, and I can confirm the options when we book your service.",,
hvac,Warranty,Do you offer warranties?,Yes. We provide workmanship and equipment warranty details.,"Yes, we do. We provide workmanship and equipment warranty details.",,
hvac,Services,Can you help with thermostat issues?,Yes. We can troubleshoot and replace thermostats.,"Yes, we can troubleshoot and replace thermostats. Tell me a little about what you need, and I can help from there.",,
hvac,Coverage,Do you service commercial units?,We can confirm commercial availability based on your needs.,"Yes, we can confirm commercial availability based on your needs.",,
hvac,Pricing,Do you offer free estimates?,We can schedule an on-site assessment and provide pricing after the technician reviews the issue.,"Yes. I can get a few details and help set up the next step for an estimate. Tell me a little more, and I can help with the next step.",,
hvac,Pricing,What are your service or diagnostic fees?,We’ll confirm any service or diagnostic fee before dispatching a technician.,"I can go over any service or diagnostic fee before anything is scheduled, so you know what to expect.",,
hvac,Payments,What payment methods do you accept?,We accept common payment methods. We can confirm specifics when booking.,"We accept common payment methods, and I can confirm the options when we book your service.",,
hvac,Warranty,Do you offer any warranties or guarantees?,Yes. We stand by our workmanship and can share warranty details with you.,"Yes. We stand behind our work, and I can go over the warranty details with you.",,
hvac,Insurance,Do you work with insurance?,We can provide documentation to support insurance claims when applicable.,"Yes. If insurance is involved, I can help with documentation and talk through the next step.",,
hvac,Coverage,What areas do you service?,We serve the local area. Share your address and we’ll confirm coverage.,"We serve the local area. If you give me the address, I can confirm whether you are in range.",,
hvac,Scheduling,How soon can someone come out?,We’ll schedule the earliest available time and prioritize urgent issues.,"I’ll look for the earliest opening and do our best to move urgent situations up. Tell me a little about what’s going on, and I can help with the next step.",,
hvac,Scheduling,Do I need to be home for the visit?,"Usually yes. If not, we can discuss access details and preferences.","In most cases, yes. If that is difficult, I can talk through the best option for access.",,
hvac,Process,What happens next after I book?,We’ll confirm your details and a technician will contact you before arrival.,"Once we have your details, I’ll get your request into the schedule and let you know the next step.",,
hvac,Process,How long will the service take?,It depends on the issue. The technician can estimate timing on site.,"That depends on the job. Once I know a little more, I can give you a better sense of timing and help with the next step.",,
hvac,Preparation,Is there anything I should do to prepare?,Clear access to the problem area if possible. We’ll provide any specific prep tips.,"Usually just make sure we can reach the work area. If there is anything specific to do ahead of time, I’ll let you know.",,
hvac,Scheduling,Can I reschedule or cancel?,Yes. We can update your appointment if you need to change it.,"Yes. If you need to make a change, we can help update the appointment.",,
hvac,Technical,Can you help troubleshoot or explain how to fix it?,Great question — the technician will walk you through options when they call or arrive.,"I can help point you in the right direction. Once I know a little more, the team can go over the best next step with you. Tell me a little more, and I can help with the next step.",,
hvac,Process,Can I talk to the technician directly?,We can have the technician follow up with you to discuss details.,"Yes. Once we have your details, we can arrange for the team to follow up with you.",,
hvac,Emergency,Do you handle emergencies?,We prioritize urgent issues and will do our best to get someone out quickly.,"Yes. If this is urgent, tell me what’s going on, and I can help move it along as quickly as possible.",,
roofing,Emergency,Do you handle emergency leaks?,Yes. We can tarp and stabilize leaks quickly and schedule permanent repairs.,"Yes, we do. If you're dealing with an active leak, tell me what's going on and I'll help with the next step. Tell me what’s going on, and I can help with the next step.",,
roofing,Emergency,Can you provide a temporary cover?,Yes. We can install temporary protection until full repairs are completed.,"Yes, we can install temporary protection until full repairs are completed. Tell me what's going on, and I'll help with the next step. Tell me what’s going on, and I can help with the next step.",,
roofing,Process,Do you help with storm damage?,Yes. We inspect storm damage and provide documentation.,"Yes, we do. We inspect storm damage and provide documentation. Tell me a little more, and I can help with the next step.",,
roofing,Services,Do you do roof inspections?,Yes. We offer inspections to assess condition and issues.,"Yes, we do. We offer inspections to assess condition and issues. Tell me a little about what you need, and I can help from there.",,
roofing,Services,Do you repair or replace roofs?,We do both. We’ll recommend the best option after inspection.,"We do both. Once I know what's going on, I can help with the right next step. Tell me a little about what you need, and I can help from there.",,
roofing,Process,Do you work with insurance?,We can provide documentation for insurance claims.,"Yes. If insurance is involved, I can help with documentation and talk through the next step.",,
roofing,Scheduling,How long does a roof replacement take?,Most residential roofs are completed in 1–2 days depending on size and weather.,"Most residential roofs are completed in 1 to 2 days depending on size and weather. Once I know a little more, I can help with the next step.",,
roofing,Pricing,Do you offer estimates?,Yes. We provide a detailed estimate after inspection.,"Yes, we do. We provide a detailed estimate after inspection. Tell me a little more, and I can help with the next step.",,
roofing,Products,What roofing materials do you install?,We can install common materials like asphalt shingles and others by request.,"Yes, we can install common materials like asphalt shingles and others by request.",,
roofing,Services,Do you fix flashing issues?,Yes. We repair flashing around chimneys and vents.,"Yes, we do. We repair flashing around chimneys and vents. Tell me a little about what you need, and I can help from there.",,
roofing,Services,Do you handle gutters?,We can inspect gutters and recommend repairs if needed.,"Yes, we can inspect gutters and recommend repairs if needed. Tell me a little about what you need, and I can help from there.",,
roofing,Warranty,What is the warranty?,We provide workmanship and manufacturer warranty details.,We provide workmanship and manufacturer warranty details.,,
roofing,Scheduling,Do I need to be home?,It’s helpful but not always required. We’ll confirm access needs.,It is helpful but not always required. We will confirm access needs.,,
roofing,Scheduling,What happens if it rains?,We monitor weather and will reschedule if conditions are unsafe.,We monitor weather and will reschedule if conditions are unsafe.,,
roofing,Maintenance,Do you do roof maintenance?,Yes. We offer maintenance and periodic inspections.,"Yes, we do. We offer maintenance and periodic inspections. If you want, tell me a little more about what's going on and I can help from there.",,
roofing,Process,Will you remove old materials?,Yes. We handle tear-off and disposal.,"Yes, we will. We handle tear-off and disposal. Tell me a little more, and I can help with the next step.",,
roofing,Services,Can you fix a small leak only?,Yes. We handle small repairs and patching.,"Yes, we can. We handle small repairs and patching. Tell me a little about what you need, and I can help from there.",,
roofing,Coverage,Do you service commercial roofs?,We can confirm commercial availability based on your needs.,"Yes, we can confirm commercial availability based on your needs.",,
roofing,Payments,What payment methods do you accept?,We accept common payment methods. We can confirm when booking.,"We accept common payment methods, and I can confirm the options when we book your service.",,
roofing,Scheduling,How soon can you come out?,We prioritize urgent leaks and schedule the earliest available time.,"We prioritize urgent leaks and schedule the earliest available time. Tell me what’s going on, and I can help with the next step.",,
roofing,Pricing,Do you offer free estimates?,We can schedule an on-site assessment and provide pricing after the technician reviews the issue.,"Yes. I can get a few details and help set up the next step for an estimate. Tell me a little more, and I can help with the next step.",,
roofing,Pricing,What are your service or diagnostic fees?,We’ll confirm any service or diagnostic fee before dispatching a technician.,"I can go over any service or diagnostic fee before anything is scheduled, so you know what to expect.",,
roofing,Payments,What payment methods do you accept?,We accept common payment methods. We can confirm specifics when booking.,"We accept common payment methods, and I can confirm the options when we book your service.",,
roofing,Warranty,Do you offer any warranties or guarantees?,Yes. We stand by our workmanship and can share warranty details with you.,"Yes. We stand behind our work, and I can go over the warranty details with you.",,
roofing,Insurance,Do you work with insurance?,We can provide documentation to support insurance claims when applicable.,"Yes. If insurance is involved, I can help with documentation and talk through the next step.",,
roofing,Coverage,What areas do you service?,We serve the local area. Share your address and we’ll confirm coverage.,"We serve the local area. If you give me the address, I can confirm whether you are in range.",,
roofing,Scheduling,How soon can someone come out?,We’ll schedule the earliest available time and prioritize urgent issues.,"I’ll look for the earliest opening and do our best to move urgent situations up. Tell me a little about what’s going on, and I can help with the next step.",,
roofing,Scheduling,Do I need to be home for the visit?,"Usually yes. If not, we can discuss access details and preferences.","In most cases, yes. If that is difficult, I can talk through the best option for access.",,
roofing,Process,What happens next after I book?,We’ll confirm your details and a technician will contact you before arrival.,"Once we have your details, I’ll get your request into the schedule and let you know the next step.",,
roofing,Process,How long will the service take?,It depends on the issue. The technician can estimate timing on site.,"That depends on the job. Once I know a little more, I can give you a better sense of timing and help with the next step.",,
roofing,Preparation,Is there anything I should do to prepare?,Clear access to the problem area if possible. We’ll provide any specific prep tips.,"Usually just make sure we can reach the work area. If there is anything specific to do ahead of time, I’ll let you know.",,
roofing,Scheduling,Can I reschedule or cancel?,Yes. We can update your appointment if you need to change it.,"Yes. If you need to make a change, we can help update the appointment.",,
roofing,Technical,Can you help troubleshoot or explain how to fix it?,Great question — the technician will walk you through options when they call or arrive.,"I can help point you in the right direction. Once I know a little more, the team can go over the best next step with you. Tell me a little more, and I can help with the next step.",,
roofing,Process,Can I talk to the technician directly?,We can have the technician follow up with you to discuss details.,"Yes. Once we have your details, we can arrange for the team to follow up with you.",,
roofing,Emergency,Do you handle emergencies?,We prioritize urgent issues and will do our best to get someone out quickly.,"Yes. If this is urgent, tell me what’s going on, and I can help move it along as quickly as possible.",,
landscaping,Maintenance,How often do you mow?,Typically weekly during peak growing season; timing can vary by weather and grass type.,Typically weekly during peak growing season; timing can vary by weather and grass type.,,
landscaping,Maintenance,Do you offer seasonal cleanups?,Yes. We schedule spring/fall cleanups and ongoing maintenance.,"Yes, we do. We schedule spring/fall cleanups and ongoing maintenance. If you want, tell me a little more about what's going on and I can help from there.",,
landscaping,Services,Can you handle irrigation issues?,Yes. We diagnose and repair irrigation systems.,"Yes, we can. We diagnose and repair irrigation systems. Tell me a little about what you need, and I can help from there.",,
landscaping,Services,Do you offer lawn care programs?,Yes. We can provide fertilization and weed control plans.,"Yes, we do. We can provide fertilization and weed control plans. Tell me a little about what you need, and I can help from there.",,
landscaping,Services,Do you do mulching and bed maintenance?,Yes. We can refresh mulch and maintain planting beds.,"Yes, we do. We can refresh mulch and maintain planting beds. Tell me a little about what you need, and I can help from there.",,
landscaping,Services,Do you handle tree trimming?,We can handle light trimming and recommend arborists when needed.,"Yes, we can handle light trimming and recommend arborists when needed. Tell me a little about what you need, and I can help from there.",,
landscaping,Services,Can you install new landscaping?,Yes. We can design and install new landscape features.,"Yes, we can design and install new landscape features. Tell me a little about what you need, and I can help from there.",,
landscaping,Pricing,Do you provide estimates?,Yes. We’ll review your yard and provide a quote.,"Yes, we do. We will review your yard and provide a quote. Tell me a little more, and I can help with the next step.",,
landscaping,Scheduling,How soon can you start service?,We’ll schedule the earliest available start date.,"We will schedule the earliest available start date. Tell me a little about the situation, and I can help with the next step. Tell me a little about what’s going on, and I can help with the next step.",,
landscaping,Scheduling,Do I need to be home?,Not always. We can service the exterior with access.,Not always. We can service the exterior with access.,,
landscaping,Coverage,What areas do you service?,We serve the local area. Share your address and we’ll confirm.,"We serve the local area. If you give me the address, I can confirm whether you are in range.",,
landscaping,Services,Do you handle snow removal?,We can confirm seasonal snow service availability.,"Yes, we can confirm seasonal snow service availability. Tell me a little about what you need, and I can help from there.",,
landscaping,Maintenance,What about lawn damage or bare spots?,We can recommend overseeding or repairs.,"Yes, we can recommend overseeding or repairs.",,
landscaping,Safety,Do you use pet-safe products?,We can discuss product options and safety guidance.,"Yes, we can talk through product options and safety guidance. Tell me a little more, and I can help with the next step.",,
landscaping,Services,Can you help with drainage issues?,We can assess grading and drainage options.,"Yes, we can take a look at grading and drainage options. Tell me a little about what you need, and I can help from there.",,
landscaping,Process,Will you haul away debris?,Yes. We remove yard waste from cleanups.,"Yes, we will. We remove yard waste from cleanups. Tell me a little more, and I can help with the next step.",,
landscaping,Payments,What payment methods do you accept?,We accept common payment methods. We can confirm when booking.,"We accept common payment methods, and I can confirm the options when we book your service.",,
landscaping,Maintenance,Do you offer ongoing maintenance?,Yes. We can set up a recurring service plan.,"Yes, we do. We can set up a recurring service plan. If you want, tell me a little more about what's going on and I can help from there.",,
landscaping,Services,Do you do hardscaping?,"We can discuss patios, walkways, and retaining walls.","Yes, we can talk through patios, walkways, and retaining walls. Tell me a little about what you need, and I can help from there.",,
landscaping,Scheduling,Can you adjust service frequency?,Yes. We can tailor schedules to your needs.,"Yes, we can tailor schedules to your needs. Tell me what you're dealing with, and I can help from there.",,
landscaping,Pricing,Do you offer free estimates?,We can schedule an on-site assessment and provide pricing after the technician reviews the issue.,"Yes. I can get a few details and help set up the next step for an estimate. Tell me a little more, and I can help with the next step.",,
landscaping,Pricing,What are your service or diagnostic fees?,We’ll confirm any service or diagnostic fee before dispatching a technician.,"I can go over any service or diagnostic fee before anything is scheduled, so you know what to expect.",,
landscaping,Payments,What payment methods do you accept?,We accept common payment methods. We can confirm specifics when booking.,"We accept common payment methods, and I can confirm the options when we book your service.",,
landscaping,Warranty,Do you offer any warranties or guarantees?,Yes. We stand by our workmanship and can share warranty details with you.,"Yes. We stand behind our work, and I can go over the warranty details with you.",,
landscaping,Insurance,Do you work with insurance?,We can provide documentation to support insurance claims when applicable.,"Yes. If insurance is involved, I can help with documentation and talk through the next step.",,
landscaping,Coverage,What areas do you service?,We serve the local area. Share your address and we’ll confirm coverage.,"We serve the local area. If you give me the address, I can confirm whether you are in range.",,
landscaping,Scheduling,How soon can someone come out?,We’ll schedule the earliest available time and prioritize urgent issues.,"I’ll look for the earliest opening and do our best to move urgent situations up. Tell me a little about what’s going on, and I can help with the next step.",,
landscaping,Scheduling,Do I need to be home for the visit?,"Usually yes. If not, we can discuss access details and preferences.","In most cases, yes. If that is difficult, I can talk through the best option for access.",,
landscaping,Process,What happens next after I book?,We’ll confirm your details and a technician will contact you before arrival.,"Once we have your details, I’ll get your request into the schedule and let you know the next step.",,
landscaping,Process,How long will the service take?,It depends on the issue. The technician can estimate timing on site.,"That depends on the job. Once I know a little more, I can give you a better sense of timing and help with the next step.",,
landscaping,Preparation,Is there anything I should do to prepare?,Clear access to the problem area if possible. We’ll provide any specific prep tips.,"Usually just make sure we can reach the work area. If there is anything specific to do ahead of time, I’ll let you know.",,
landscaping,Scheduling,Can I reschedule or cancel?,Yes. We can update your appointment if you need to change it.,"Yes. If you need to make a change, we can help update the appointment.",,
landscaping,Technical,Can you help troubleshoot or explain how to fix it?,Great question — the technician will walk you through options when they call or arrive.,"I can help point you in the right direction. Once I know a little more, the team can go over the best next step with you. Tell me a little more, and I can help with the next step.",,
landscaping,Process,Can I talk to the technician directly?,We can have the technician follow up with you to discuss details.,"Yes. Once we have your details, we can arrange for the team to follow up with you.",,
landscaping,Emergency,Do you handle emergencies?,We prioritize urgent issues and will do our best to get someone out quickly.,"Yes. If this is urgent, tell me what’s going on, and I can help move it along as quickly as possible.",,
cleaning,Maintenance,Do you provide recurring cleanings?,"Yes. We offer weekly, bi-weekly, and monthly plans.","Yes, we do. We offer weekly, bi-weekly, and monthly plans. If you want, tell me a little more about what's going on and I can help from there.",,
cleaning,Services,Do you offer one-time or deep cleans?,Yes. We offer deep cleans and one-time services.,"Yes, we do. We offer deep cleans and one-time services. Tell me a little about what you need, and I can help from there.",,
cleaning,Services,Do you bring your own supplies?,Yes. We bring supplies and can use yours if requested.,"Yes, we do. We bring supplies and can use yours if requested. Tell me a little about what you need, and I can help from there.",,
cleaning,Process,Are you pet friendly?,Yes. We use family- and pet-friendly products when possible.,"Yes, we are. We use family- and pet-friendly products when possible. Tell me a little more, and I can help with the next step.",,
cleaning,Scheduling,Do I need to be home?,Not always. We can clean with access instructions.,Not always. We can clean with access instructions.,,
cleaning,Coverage,What areas do you service?,We serve the local area. Share your address and we’ll confirm.,"We serve the local area. If you give me the address, I can confirm whether you are in range.",,
cleaning,Services,Do you clean inside appliances?,We can add inside oven or fridge cleaning by request.,"Yes, we can add inside oven or fridge cleaning by request. Tell me a little about what you need, and I can help from there.",,
cleaning,Services,Do you do move-in or move-out cleans?,Yes. We offer move-in and move-out services.,"Yes, we do. We offer move-in and move-out services. Tell me a little about what you need, and I can help from there.",,
cleaning,Scheduling,How long does a cleaning take?,It depends on home size and service type. We’ll estimate when booking.,"It depends on home size and service type. We will estimate when booking. Once I know a little more, I can help with the next step.",,
cleaning,Scheduling,Do you offer same-day service?,We’ll check availability for urgent requests.,"We will check availability for urgent requests. Tell me a little about the situation, and I can help with the next step. Tell me a little about what’s going on, and I can help with the next step.",,
cleaning,Products,Can I request green products?,Yes. We can use eco-friendly products by request.,Yes. We can use eco-friendly products by request.,,
cleaning,Services,Do you clean windows?,We can clean interior windows by request.,"Yes, we can clean interior windows by request. Tell me a little about what you need, and I can help from there.",,
cleaning,Services,Do you clean carpets?,We can confirm carpet cleaning availability or recommend a specialist.,"Yes, we can confirm carpet cleaning availability or recommend a specialist. Tell me a little about what you need, and I can help from there.",,
cleaning,Services,Do you handle laundry?,We can discuss add-on laundry services if available.,"Yes, we can talk through add-on laundry services if available. Tell me a little about what you need, and I can help from there.",,
cleaning,Process,What is included in a standard clean?,We’ll review the checklist of rooms and tasks before scheduling.,We will review the checklist of rooms and tasks before scheduling.,,
cleaning,Pricing,Will you provide an estimate?,Yes. We provide pricing based on home size and service type.,"Yes, we will. We provide pricing based on home size and service type. Tell me a little more, and I can help with the next step.",,
cleaning,Pricing,Do you have minimums?,We’ll share any minimum service requirements when booking.,"We will share any minimum service requirements when booking. Tell me a little more, and I can help with the next step.",,
cleaning,Warranty,Do you guarantee your work?,Yes. Let us know if anything was missed and we’ll make it right.,"Yes, we do. Let us know if anything was missed and we will make it right. Tell me a little more, and I can help with the next step.",,
cleaning,Payments,What payment methods do you accept?,We accept common payment methods. We can confirm when booking.,"We accept common payment methods, and I can confirm the options when we book your service.",,
cleaning,Process,Do you have background-checked staff?,We can share our hiring and screening process.,"Yes, we can share our hiring and screening process. Tell me a little more, and I can help with the next step.",,
cleaning,Pricing,Do you offer free estimates?,We can schedule an on-site assessment and provide pricing after the technician reviews the issue.,"Yes. I can get a few details and help set up the next step for an estimate. Tell me a little more, and I can help with the next step.",,
cleaning,Pricing,What are your service or diagnostic fees?,We’ll confirm any service or diagnostic fee before dispatching a technician.,"I can go over any service or diagnostic fee before anything is scheduled, so you know what to expect.",,
cleaning,Payments,What payment methods do you accept?,We accept common payment methods. We can confirm specifics when booking.,"We accept common payment methods, and I can confirm the options when we book your service.",,
cleaning,Warranty,Do you offer any warranties or guarantees?,Yes. We stand by our workmanship and can share warranty details with you.,"Yes. We stand behind our work, and I can go over the warranty details with you.",,
cleaning,Insurance,Do you work with insurance?,We can provide documentation to support insurance claims when applicable.,"Yes. If insurance is involved, I can help with documentation and talk through the next step.",,
cleaning,Coverage,What areas do you service?,We serve the local area. Share your address and we’ll confirm coverage.,"We serve the local area. If you give me the address, I can confirm whether you are in range.",,
cleaning,Scheduling,How soon can someone come out?,We’ll schedule the earliest available time and prioritize urgent issues.,"I’ll look for the earliest opening and do our best to move urgent situations up. Tell me a little about what’s going on, and I can help with the next step.",,
cleaning,Scheduling,Do I need to be home for the visit?,"Usually yes. If not, we can discuss access details and preferences.","In most cases, yes. If that is difficult, I can talk through the best option for access.",,
cleaning,Process,What happens next after I book?,We’ll confirm your details and a technician will contact you before arrival.,"Once we have your details, I’ll get your request into the schedule and let you know the next step.",,
cleaning,Process,How long will the service take?,It depends on the issue. The technician can estimate timing on site.,"That depends on the job. Once I know a little more, I can give you a better sense of timing and help with the next step.",,
cleaning,Preparation,Is there anything I should do to prepare?,Clear access to the problem area if possible. We’ll provide any specific prep tips.,"Usually just make sure we can reach the work area. If there is anything specific to do ahead of time, I’ll let you know.",,
cleaning,Scheduling,Can I reschedule or cancel?,Yes. We can update your appointment if you need to change it.,"Yes. If you need to make a change, we can help update the appointment.",,
cleaning,Technical,Can you help troubleshoot or explain how to fix it?,Great question — the technician will walk you through options when they call or arrive.,"I can help point you in the right direction. Once I know a little more, the team can go over the best next step with you. Tell me a little more, and I can help with the next step.",,
cleaning,Process,Can I talk to the technician directly?,We can have the technician follow up with you to discuss details.,"Yes. Once we have your details, we can arrange for the team to follow up with you.",,
cleaning,Emergency,Do you handle emergencies?,We prioritize urgent issues and will do our best to get someone out quickly.,"Yes. If this is urgent, tell me what’s going on, and I can help move it along as quickly as possible.",,
pest_control,Services,What pests do you treat?,"We handle common household pests like ants, roaches, spiders, rodents, and seasonal invaders. Specialized pests may require a separate inspection.","We handle common household pests like ants, roaches, spiders, rodents, and seasonal invaders. Specialized pests may require a separate inspection.",,
pest_control,Services,Do you offer one-time and recurring service?,Yes. We can do a one-time treatment or set up a recurring plan.,"Yes, we do. We can do a one-time treatment or set up a recurring plan. Tell me a little about what you need, and I can help from there.",,
pest_control,Maintenance,How often do you recommend service?,"Many homes use quarterly plans, but it depends on pest activity and the property.","Many homes use quarterly plans, but it depends on pest activity and the property.",,
pest_control,Preparation,How should I prepare before treatment?,"We’ll provide prep steps, but usually we ask for clear access and removal of food and pet bowls.","We will provide prep steps, but usually we ask for clear access and removal of food and pet bowls.",,
pest_control,Safety,Do I need to leave the home during treatment?,"Usually no for routine treatments, but it depends on the product used. We’ll provide instructions.","Usually no for routine treatments, but it depends on the product used. We will provide instructions.",,
pest_control,Safety,When can I re-enter after treatment?,Re-entry timing depends on product label directions. We’ll give the exact interval.,Re-entry timing depends on product label directions. We will give the exact interval.,,
pest_control,Safety,Is pest control safe for kids and pets?,We prioritize reduced-risk methods and provide safety instructions and re-entry timing.,We prioritize reduced-risk methods and provide safety instructions and re-entry timing.,,
pest_control,Process,Do you use integrated pest management?,Yes. We focus on prevention plus targeted treatments.,"Yes, we do. We focus on prevention plus targeted treatments. Tell me a little more, and I can help with the next step.",,
pest_control,Prevention,What can I do to prevent pests between visits?,"Seal gaps, reduce moisture, store food in sealed containers, and remove standing water.","Seal gaps, reduce moisture, store food in sealed containers, and remove standing water.",,
pest_control,Process,Will I still see pests after treatment?,Some activity can be normal at first. We’ll explain what to expect.,Some activity can be normal at first. We will explain what to expect.,,
pest_control,Process,Do you provide follow-up visits?,Yes. Follow-ups are common to confirm results.,"Yes, we do. Follow-ups are common to confirm results. Tell me a little more, and I can help with the next step.",,
pest_control,Services,Do you handle rodents?,"Yes. We use inspection, trapping/baiting, and exclusion.","Yes, we do. We use inspection, trapping/baiting, and exclusion. Tell me a little about what you need, and I can help from there.",,
pest_control,Process,How long does rodent control take?,It depends on severity and conditions; we’ll set expectations after inspection.,"It depends on severity and conditions; we will set expectations after inspection. Once I know a little more, I can help with the next step.",,
pest_control,Services,Do you offer termite inspections?,Yes. Termites typically require a separate inspection and plan.,"Yes, we do. Termites typically require a separate inspection and plan. Tell me a little about what you need, and I can help from there.",,
pest_control,Services,Do you treat bed bugs or fleas?,"Yes, but those require specialized prep and a specific plan.","Yes, but those require specialized prep and a specific plan. Tell me a little about what you need, and I can help from there.",,
pest_control,Support,What if I see pests between visits?,Contact us and we’ll assess whether a touch-up is needed.,Contact us and we will assess whether a touch-up is needed.,,
pest_control,Warranty,Do you guarantee your service?,Many plans include a warranty or re-service window. We’ll confirm details.,"Many plans include a warranty or re-service window. We will confirm details. Tell me a little more, and I can help with the next step.",,
pest_control,Services,Will you treat inside and outside?,It depends on the issue. We’ll recommend the best approach.,"It depends on the issue. We will recommend the best approach. Tell me a little about what you need, and I can help from there.",,
pest_control,Scheduling,Do I need to be home for service?,Not always. Exterior service usually doesn’t require you home.,Not always. Exterior service usually doesn’t require you home.,,
pest_control,Prevention,Will you seal entry points?,We identify entry points and recommend sealing locations.,"We identify entry points and recommend sealing locations. Tell me a little more, and I can help with the next step.",,
pest_control,Preparation,What should I do with pet food and water?,Remove food and water from treatment areas until it’s safe to return them.,Remove food and water from treatment areas until it is safe to return them.,,
pest_control,Services,Do you handle mosquitoes or outdoor pests?,Yes. We can provide seasonal treatments and guidance.,"Yes, we do. We can provide seasonal treatments and guidance. Tell me a little about what you need, and I can help from there.",,
pest_control,Process,Are the products odorless?,"Most products have minimal odor, but it varies. We’ll set expectations.","Most products have minimal odor, but it varies. We will set expectations.",,
pest_control,Process,Can I do this myself instead of hiring a pro?,"DIY can work for minor issues, but recurring problems often need professional care.","DIY can work for minor issues, but recurring problems often need professional care.",,
pest_control,Pricing,Do you offer free estimates?,We can schedule an on-site assessment and provide pricing after the technician reviews the issue.,"Yes. I can get a few details and help set up the next step for an estimate. Tell me a little more, and I can help with the next step.",,
pest_control,Pricing,What are your service or diagnostic fees?,We’ll confirm any service or diagnostic fee before dispatching a technician.,"I can go over any service or diagnostic fee before anything is scheduled, so you know what to expect.",,
pest_control,Payments,What payment methods do you accept?,We accept common payment methods. We can confirm specifics when booking.,"We accept common payment methods, and I can confirm the options when we book your service.",,
pest_control,Warranty,Do you offer any warranties or guarantees?,Yes. We stand by our workmanship and can share warranty details with you.,"Yes. We stand behind our work, and I can go over the warranty details with you.",,
pest_control,Insurance,Do you work with insurance?,We can provide documentation to support insurance claims when applicable.,"Yes. If insurance is involved, I can help with documentation and talk through the next step.",,
pest_control,Coverage,What areas do you service?,We serve the local area. Share your address and we’ll confirm coverage.,"We serve the local area. If you give me the address, I can confirm whether you are in range.",,
pest_control,Scheduling,How soon can someone come out?,We’ll schedule the earliest available time and prioritize urgent issues.,"I’ll look for the earliest opening and do our best to move urgent situations up. Tell me a little about what’s going on, and I can help with the next step.",,
pest_control,Scheduling,Do I need to be home for the visit?,"Usually yes. If not, we can discuss access details and preferences.","In most cases, yes. If that is difficult, I can talk through the best option for access.",,
pest_control,Process,What happens next after I book?,We’ll confirm your details and a technician will contact you before arrival.,"Once we have your details, I’ll get your request into the schedule and let you know the next step.",,
pest_control,Process,How long will the service take?,It depends on the issue. The technician can estimate timing on site.,"That depends on the job. Once I know a little more, I can give you a better sense of timing and help with the next step.",,
pest_control,Preparation,Is there anything I should do to prepare?,Clear access to the problem area if possible. We’ll provide any specific prep tips.,"Usually just make sure we can reach the work area. If there is anything specific to do ahead of time, I’ll let you know.",,
pest_control,Scheduling,Can I reschedule or cancel?,Yes. We can update your appointment if you need to change it.,"Yes. If you need to make a change, we can help update the appointment.",,
pest_control,Technical,Can you help troubleshoot or explain how to fix it?,Great question — the technician will walk you through options when they call or arrive.,"I can help point you in the right direction. Once I know a little more, the team can go over the best next step with you. Tell me a little more, and I can help with the next step.",,
pest_control,Process,Can I talk to the technician directly?,We can have the technician follow up with you to discuss details.,"Yes. Once we have your details, we can arrange for the team to follow up with you.",,
pest_control,Emergency,Do you handle emergencies?,We prioritize urgent issues and will do our best to get someone out quickly.,"Yes. If this is urgent, tell me what’s going on, and I can help move it along as quickly as possible.",,
garage_door,Safety,Is it safe to use the door with a broken spring?,No. Broken springs are dangerous; avoid using the door and call us.,"No. A broken spring can be dangerous, so do not use the door.",,
garage_door,Services,Do you repair broken springs?,Yes. We replace springs and tune up doors.,"Yes, we do. We replace springs and tune up doors. Tell me a little about what you need, and I can help from there.",,
garage_door,Services,Do you install or repair openers?,Yes. We repair and install new openers.,"Yes, we do. We repair and install new openers. Tell me a little about what you need, and I can help from there.",,
garage_door,Services,My door is off track. Can you fix it?,Yes. We can realign and repair off-track doors.,Yes. We can realign and repair off-track doors.,,
garage_door,Scheduling,Do you offer same-day service?,We prioritize stuck or unsafe doors and schedule quickly.,"We prioritize stuck or unsafe doors and schedule quickly. Tell me what’s going on, and I can help with the next step.",,
garage_door,Maintenance,Why is my door making noise?,Noises often indicate wear; we can inspect and service.,Noises often indicate wear; we can inspect and service.,,
garage_door,Coverage,Do you service commercial doors?,We can confirm commercial availability based on your needs.,"Yes, we can confirm commercial availability based on your needs.",,
garage_door,Services,Can you replace panels?,Yes. We can replace damaged panels if compatible.,"Yes, we can replace damaged panels if compatible. Tell me a little about what you need, and I can help from there.",,
garage_door,Services,Do you install new doors?,Yes. We install new garage doors and hardware.,"Yes, we do. We install new garage doors and hardware. Tell me a little about what you need, and I can help from there.",,
garage_door,Pricing,Do you provide estimates?,Yes. We’ll provide pricing after inspection.,"Yes, we do. We will provide pricing after inspection. Tell me a little more, and I can help with the next step.",,
garage_door,Payments,What payment methods do you accept?,We accept common payment methods. We can confirm when booking.,"We accept common payment methods, and I can confirm the options when we book your service.",,
garage_door,Warranty,Do you offer warranties?,Yes. We provide workmanship and product warranty details.,"Yes, we do. We provide workmanship and product warranty details.",,
garage_door,Services,Can you add keypads or smart openers?,Yes. We can install keypads and smart openers.,"Yes, we can install keypads and smart openers. Tell me a little about what you need, and I can help from there.",,
garage_door,Scheduling,Do I need to be home?,"Yes, we recommend someone be available for access.","Yes, we recommend someone be available for access.",,
garage_door,Scheduling,How long does a repair take?,Many repairs are completed in one visit.,"Many repairs are completed in one visit. Once I know a little more, I can help with the next step.",,
garage_door,Safety,Is a broken cable dangerous?,Yes. Avoid using the door and let us inspect.,"Yes. It can be dangerous, so avoid using the door until it's checked.",,
garage_door,Maintenance,Do you perform tune-ups?,Yes. We can lubricate and adjust doors and hardware.,"Yes, we do. We can lubricate and adjust doors and hardware. If you want, tell me a little more about what's going on and I can help from there.",,
garage_door,Services,Can you fix remotes?,Yes. We can troubleshoot remotes and sensors.,"Yes, we can troubleshoot remotes and sensors. Tell me a little about what you need, and I can help from there.",,
garage_door,Process,Will you haul away old doors?,Yes. We remove and dispose of old doors.,"Yes, we will. We remove and dispose of old doors. Tell me a little more, and I can help with the next step.",,
garage_door,Process,Do you service rental properties?,Yes. We can coordinate access with property managers.,"Yes, we do. We can coordinate access with property managers. Tell me a little more, and I can help with the next step.",,
garage_door,Pricing,Do you offer free estimates?,We can schedule an on-site assessment and provide pricing after the technician reviews the issue.,"Yes. I can get a few details and help set up the next step for an estimate. Tell me a little more, and I can help with the next step.",,
garage_door,Pricing,What are your service or diagnostic fees?,We’ll confirm any service or diagnostic fee before dispatching a technician.,"I can go over any service or diagnostic fee before anything is scheduled, so you know what to expect.",,
garage_door,Payments,What payment methods do you accept?,We accept common payment methods. We can confirm specifics when booking.,"We accept common payment methods, and I can confirm the options when we book your service.",,
garage_door,Warranty,Do you offer any warranties or guarantees?,Yes. We stand by our workmanship and can share warranty details with you.,"Yes. We stand behind our work, and I can go over the warranty details with you.",,
garage_door,Insurance,Do you work with insurance?,We can provide documentation to support insurance claims when applicable.,"Yes. If insurance is involved, I can help with documentation and talk through the next step.",,
garage_door,Coverage,What areas do you service?,We serve the local area. Share your address and we’ll confirm coverage.,"We serve the local area. If you give me the address, I can confirm whether you are in range.",,
garage_door,Scheduling,How soon can someone come out?,We’ll schedule the earliest available time and prioritize urgent issues.,"I’ll look for the earliest opening and do our best to move urgent situations up. Tell me a little about what’s going on, and I can help with the next step.",,
garage_door,Scheduling,Do I need to be home for the visit?,"Usually yes. If not, we can discuss access details and preferences.","In most cases, yes. If that is difficult, I can talk through the best option for access.",,
garage_door,Process,What happens next after I book?,We’ll confirm your details and a technician will contact you before arrival.,"Once we have your details, I’ll get your request into the schedule and let you know the next step.",,
garage_door,Process,How long will the service take?,It depends on the issue. The technician can estimate timing on site.,"That depends on the job. Once I know a little more, I can give you a better sense of timing and help with the next step.",,
garage_door,Preparation,Is there anything I should do to prepare?,Clear access to the problem area if possible. We’ll provide any specific prep tips.,"Usually just make sure we can reach the work area. If there is anything specific to do ahead of time, I’ll let you know.",,
garage_door,Scheduling,Can I reschedule or cancel?,Yes. We can update your appointment if you need to change it.,"Yes. If you need to make a change, we can help update the appointment.",,
garage_door,Technical,Can you help troubleshoot or explain how to fix it?,Great question — the technician will walk you through options when they call or arrive.,"I can help point you in the right direction. Once I know a little more, the team can go over the best next step with you. Tell me a little more, and I can help with the next step.",,
garage_door,Process,Can I talk to the technician directly?,We can have the technician follow up with you to discuss details.,"Yes. Once we have your details, we can arrange for the team to follow up with you.",,
garage_door,Emergency,Do you handle emergencies?,We prioritize urgent issues and will do our best to get someone out quickly.,"Yes. If this is urgent, tell me what’s going on, and I can help move it along as quickly as possible.",,
general_contractor,Pricing,Do you do estimates?,Yes. We review scope and provide a detailed estimate.,"Yes, we do. We review scope and provide a detailed estimate. Tell me a little more, and I can help with the next step.",,
general_contractor,Process,Do you handle permits?,Yes. We coordinate permits and required inspections for the project.,"Yes, we do. We coordinate permits and required inspections for the project. Tell me a little more, and I can help with the next step.",,
general_contractor,Scheduling,Can you provide a project timeline?,Yes. We provide a timeline after scope review.,"Yes, we can. We provide a timeline after scope review. Tell me what you're dealing with, and I can help from there.",,
general_contractor,Services,Do you handle remodels and additions?,Yes. We handle a range of remodeling and addition projects.,"Yes, we do. We handle a range of remodeling and addition projects. Tell me a little about what you need, and I can help from there.",,
general_contractor,Services,Do you do kitchen and bath renovations?,Yes. We provide full-service kitchen and bath remodels.,"Yes, we do. We provide full-service kitchen and bath remodels. Tell me a little about what you need, and I can help from there.",,
general_contractor,Process,Do you work with subcontractors?,Yes. We coordinate licensed trades as needed.,"Yes, we do. We coordinate licensed trades as needed. Tell me a little more, and I can help with the next step.",,
general_contractor,Process,Can you help with design?,We can work from your plans or connect you with design resources.,"Yes, we can work from your plans or connect you with design resources. Tell me a little more, and I can help with the next step.",,
general_contractor,Coverage,What areas do you service?,We serve the local area. Share your address and we’ll confirm.,"We serve the local area. If you give me the address, I can confirm whether you are in range.",,
general_contractor,Scheduling,How soon can you start?,Start dates depend on scope and schedule. We’ll confirm availability.,"Start dates depend on scope and schedule. We will confirm availability. Tell me a little about the situation, and I can help with the next step. Tell me a little about what’s going on, and I can help with the next step.",,
general_contractor,Pricing,Do you offer fixed-price contracts?,We can discuss fixed-price or cost-plus options based on scope.,"Yes, we can talk through fixed-price or cost-plus options based on scope. Tell me a little more, and I can help with the next step.",,
general_contractor,Warranty,Do you provide warranty?,Yes. We provide workmanship warranty details.,"Yes, we do. We provide workmanship warranty details.",,
general_contractor,Pricing,Do you help with budgeting?,Yes. We can align scope with your budget goals.,"Yes, we do. We can align scope with your budget goals. Tell me a little more, and I can help with the next step.",,
general_contractor,Process,Do you handle material selection?,Yes. We can guide selections and procurement.,"Yes, we do. We can guide selections and procurement. Tell me a little more, and I can help with the next step.",,
general_contractor,Services,Do you do small repairs?,We can review your needs and confirm fit.,"Yes, we can review your needs and confirm fit. Tell me a little about what you need, and I can help from there.",,
general_contractor,Coverage,Do you service commercial projects?,We can confirm commercial availability based on your scope.,"Yes, we can confirm commercial availability based on your scope.",,
general_contractor,Process,Do I need to be home for work?,We can discuss access and communication preferences.,"Yes, we can talk through access and communication preferences.",,
general_contractor,Process,How do change orders work?,We document changes and pricing before proceeding.,We document changes and pricing before proceeding.,,
general_contractor,Process,Can you help with inspections?,Yes. We schedule and coordinate required inspections.,"Yes, we can. We schedule and coordinate required inspections. Tell me a little more, and I can help with the next step.",,
general_contractor,Payments,What payment methods do you accept?,We accept common payment methods. We can confirm when booking.,"We accept common payment methods, and I can confirm the options when we book your service.",,
general_contractor,Process,Do you provide progress updates?,Yes. We keep you informed throughout the project.,"Yes, we do. We keep you informed throughout the project. Tell me a little more, and I can help with the next step.",,
general_contractor,Pricing,Do you offer free estimates?,We can schedule an on-site assessment and provide pricing after the technician reviews the issue.,"Yes. I can get a few details and help set up the next step for an estimate. Tell me a little more, and I can help with the next step.",,
general_contractor,Pricing,What are your service or diagnostic fees?,We’ll confirm any service or diagnostic fee before dispatching a technician.,"I can go over any service or diagnostic fee before anything is scheduled, so you know what to expect.",,
general_contractor,Payments,What payment methods do you accept?,We accept common payment methods. We can confirm specifics when booking.,"We accept common payment methods, and I can confirm the options when we book your service.",,
general_contractor,Warranty,Do you offer any warranties or guarantees?,Yes. We stand by our workmanship and can share warranty details with you.,"Yes. We stand behind our work, and I can go over the warranty details with you.",,
general_contractor,Insurance,Do you work with insurance?,We can provide documentation to support insurance claims when applicable.,"Yes. If insurance is involved, I can help with documentation and talk through the next step.",,
general_contractor,Coverage,What areas do you service?,We serve the local area. Share your address and we’ll confirm coverage.,"We serve the local area. If you give me the address, I can confirm whether you are in range.",,
general_contractor,Scheduling,How soon can someone come out?,We’ll schedule the earliest available time and prioritize urgent issues.,"I’ll look for the earliest opening and do our best to move urgent situations up. Tell me a little about what’s going on, and I can help with the next step.",,
general_contractor,Scheduling,Do I need to be home for the visit?,"Usually yes. If not, we can discuss access details and preferences.","In most cases, yes. If that is difficult, I can talk through the best option for access.",,
general_contractor,Process,What happens next after I book?,We’ll confirm your details and a technician will contact you before arrival.,"Once we have your details, I’ll get your request into the schedule and let you know the next step.",,
general_contractor,Process,How long will the service take?,It depends on the issue. The technician can estimate timing on site.,"That depends on the job. Once I know a little more, I can give you a better sense of timing and help with the next step.",,
general_contractor,Preparation,Is there anything I should do to prepare?,Clear access to the problem area if possible. We’ll provide any specific prep tips.,"Usually just make sure we can reach the work area. If there is anything specific to do ahead of time, I’ll let you know.",,
general_contractor,Scheduling,Can I reschedule or cancel?,Yes. We can update your appointment if you need to change it.,"Yes. If you need to make a change, we can help update the appointment.",,
general_contractor,Technical,Can you help troubleshoot or explain how to fix it?,Great question — the technician will walk you through options when they call or arrive.,"I can help point you in the right direction. Once I know a little more, the team can go over the best next step with you. Tell me a little more, and I can help with the next step.",,
general_contractor,Process,Can I talk to the technician directly?,We can have the technician follow up with you to discuss details.,"Yes. Once we have your details, we can arrange for the team to follow up with you.",,
general_contractor,Emergency,Do you handle emergencies?,We prioritize urgent issues and will do our best to get someone out quickly.,"Yes. If this is urgent, tell me what’s going on, and I can help move it along as quickly as possible.",,
locksmith,Emergency,Do you offer emergency lockout service?,Yes. We provide emergency lockout service.,"Yes, we do. If you're locked out now, tell me what's going on and I'll help with the next step. Tell me what’s going on, and I can help with the next step.",,
locksmith,Services,What is the difference between rekeying and replacing?,Rekeying changes the key without replacing the lock; replacement is best for damaged or upgraded hardware.,Rekeying changes the key without replacing the lock; replacement is best for damaged or upgraded hardware.,,
locksmith,Services,Can you rekey locks?,Yes. We rekey residential and commercial locks.,"Yes, we can. We rekey residential and commercial locks. Tell me a little about what you need, and I can help from there.",,
locksmith,Services,Do you install new locks?,Yes. We install deadbolts and other lock hardware.,"Yes, we do. We install deadbolts and other lock hardware. Tell me a little about what you need, and I can help from there.",,
locksmith,Services,Do you handle car lockouts?,We can confirm auto lockout availability when you call.,"Yes, we can confirm auto lockout availability when you call. Tell me a little about what you need, and I can help from there.",,
locksmith,Services,Can you cut new keys?,Yes. We can duplicate keys or create new ones.,"Yes, we can duplicate keys or create new ones. Tell me a little about what you need, and I can help from there.",,
locksmith,Services,Do you install smart locks?,Yes. We install and set up smart locks.,"Yes, we do. We install and set up smart locks. Tell me a little about what you need, and I can help from there.",,
locksmith,Scheduling,How quickly can you arrive?,We prioritize lockouts and schedule the earliest available time.,"We prioritize lockouts and schedule the earliest available time. Tell me what’s going on, and I can help with the next step.",,
locksmith,Pricing,Do you charge a trip fee?,We’ll confirm any service fee when scheduling.,We will confirm any service fee when scheduling.,,
locksmith,Pricing,Do you provide estimates?,Yes. We provide pricing after understanding the issue.,"Yes, we do. We provide pricing after understanding the issue. Tell me a little more, and I can help with the next step.",,
locksmith,Coverage,Do you service businesses?,Yes. We service residential and commercial properties.,"Yes, we do. We service residential and commercial properties.",,
locksmith,Services,Can you repair broken locks?,Yes. We repair or replace damaged locks.,"Yes, we can. We repair or replace damaged locks. Tell me a little about what you need, and I can help from there.",,
locksmith,Safety,What should I do if my key broke in the lock?,Avoid forcing it. We can extract it safely.,Avoid forcing it.,,
locksmith,Process,Do I need proof of ownership?,Yes. We verify ownership for security.,Yes. We verify ownership for security.,,
locksmith,Services,Do you offer master key systems?,We can discuss master key options for businesses.,"Yes, we can talk through master key options for businesses. Tell me a little about what you need, and I can help from there.",,
locksmith,Services,Do you install door hardware?,Yes. We install and adjust door hardware.,"Yes, we do. We install and adjust door hardware. Tell me a little about what you need, and I can help from there.",,
locksmith,Warranty,Do you offer warranties?,Yes. We provide workmanship details on request.,"Yes, we do. We provide workmanship details on request.",,
locksmith,Payments,What payment methods do you accept?,We accept common payment methods. We can confirm when booking.,"We accept common payment methods, and I can confirm the options when we book your service.",,
locksmith,Safety,Can you change locks after a move?,Yes. Rekeying or replacing is recommended after moving.,"Yes, we can. Rekeying or replacing is recommended after moving. Tell me a little more, and I can help with the next step.",,
locksmith,Emergency,Do you handle emergency after-hours calls?,We can confirm after-hours availability when you call.,"Yes, we can confirm after-hours availability when you call. Tell me what's going on, and I'll help with the next step. Tell me what’s going on, and I can help with the next step.",,
locksmith,Pricing,Do you offer free estimates?,We can schedule an on-site assessment and provide pricing after the technician reviews the issue.,"Yes. I can get a few details and help set up the next step for an estimate. Tell me a little more, and I can help with the next step.",,
locksmith,Pricing,What are your service or diagnostic fees?,We’ll confirm any service or diagnostic fee before dispatching a technician.,"I can go over any service or diagnostic fee before anything is scheduled, so you know what to expect.",,
locksmith,Payments,What payment methods do you accept?,We accept common payment methods. We can confirm specifics when booking.,"We accept common payment methods, and I can confirm the options when we book your service.",,
locksmith,Warranty,Do you offer any warranties or guarantees?,Yes. We stand by our workmanship and can share warranty details with you.,"Yes. We stand behind our work, and I can go over the warranty details with you.",,
locksmith,Insurance,Do you work with insurance?,We can provide documentation to support insurance claims when applicable.,"Yes. If insurance is involved, I can help with documentation and talk through the next step.",,
locksmith,Coverage,What areas do you service?,We serve the local area. Share your address and we’ll confirm coverage.,"We serve the local area. If you give me the address, I can confirm whether you are in range.",,
locksmith,Scheduling,How soon can someone come out?,We’ll schedule the earliest available time and prioritize urgent issues.,"I’ll look for the earliest opening and do our best to move urgent situations up. Tell me a little about what’s going on, and I can help with the next step.",,
locksmith,Scheduling,Do I need to be home for the visit?,"Usually yes. If not, we can discuss access details and preferences.","In most cases, yes. If that is difficult, I can talk through the best option for access.",,
locksmith,Process,What happens next after I book?,We’ll confirm your details and a technician will contact you before arrival.,"Once we have your details, I’ll get your request into the schedule and let you know the next step.",,
locksmith,Process,How long will the service take?,It depends on the issue. The technician can estimate timing on site.,"That depends on the job. Once I know a little more, I can give you a better sense of timing and help with the next step.",,
locksmith,Preparation,Is there anything I should do to prepare?,Clear access to the problem area if possible. We’ll provide any specific prep tips.,"Usually just make sure we can reach the work area. If there is anything specific to do ahead of time, I’ll let you know.",,
locksmith,Scheduling,Can I reschedule or cancel?,Yes. We can update your appointment if you need to change it.,"Yes. If you need to make a change, we can help update the appointment.",,
locksmith,Technical,Can you help troubleshoot or explain how to fix it?,Great question — the technician will walk you through options when they call or arrive.,"I can help point you in the right direction. Once I know a little more, the team can go over the best next step with you. Tell me a little more, and I can help with the next step.",,
locksmith,Process,Can I talk to the technician directly?,We can have the technician follow up with you to discuss details.,"Yes. Once we have your details, we can arrange for the team to follow up with you.",,
locksmith,Emergency,Do you handle emergencies?,We prioritize urgent issues and will do our best to get someone out quickly.,"Yes. If this is urgent, tell me what’s going on, and I can help move it along as quickly as possible.",,
